title,kategori,meta_description,content,featured_image
"Jelajah Kuliner Rumah Singgah: Lebih dari Sekedar Camilan, Ini Petualangan Rasa!",Kuliner_Rumah Singgah_Tips_Kesehatan,"Artikel ini membahas pentingnya makanan ringan di rumah singgah, bukan hanya sebagai camilan, tetapi juga sebagai jembatan untuk membangun kebersamaan dan menjaga kesehatan penghuni.  Pelajari tips memilih, menyimpan, dan berbagi camilan yang tepat.","
<div class=""artikel"" align=""justify"">

<h1>Jelajah Kuliner Rumah Singgah: Lebih dari Sekedar Camilan, Ini Petualangan Rasa!</h1>

<p>Sobat Rumah Singgah pantengin, pernah gak sih kamu merasa bosan dengan menu makanan yang itu-itu aja?  Ngaku aja deh!  Kita semua pernah merasakannya.  Apalagi kalau lagi di rumah singgah, butuh camilan yang bisa bikin suasana hati lebih ceria dan betah. Nah, kali ini kita bakal ngebahas lebih dalam tentang makanan ringan, bukan cuma sekedar daftar menu, tapi sebuah petualangan rasa yang bakal bikin kamu melek kuliner!</p>


<h2>Mengapa Makanan Ringan Penting di Rumah Singgah?</h2>

<p>Bayangin deh, kamu lagi capek abis perjalanan jauh, atau mungkin lagi suntuk karena rutinitas.  Sebungkus keripik atau segelas minuman segar bisa jadi penawar lelah yang ampuh, kan?  Di rumah singgah, makanan ringan bukan hanya sekedar pengganjal perut, tapi juga bisa jadi pengobat rindu rumah,  penambah semangat, bahkan jembatan persahabatan dengan sesama penghuni. Sebuah camilan sederhana bisa menciptakan momen hangat dan nyaman, lho!</p>

<h3>Kreativitas di Balik Sajian Ringan: Lebih dari Sekedar Camilan</h3>
<p>Lebih dari sekedar mengisi perut, makanan ringan di rumah singgah bisa menjadi wadah kreativitas.  Bayangkan, penghuni bisa berkolaborasi membuat kue kering bersama, berbagi resep turun temurun dari daerah masing-masing, atau bahkan menciptakan camilan unik yang belum pernah ada sebelumnya.  Ini bukan hanya soal rasa, tapi juga tentang membangun kebersamaan dan rasa memiliki.</p>

<a href=""https://tse1.mm.bing.net/th?q=Kreativitas_di_Balik_Sajian_Ringan_Lebih_dari_Sekedar_Camilan"" style=""margin-left: 1em; margin-right: 1em;"">
    <img alt=""Kreativitas di Balik Sajian Ringan: Lebih dari Sekedar Camilan""
        border=""0""
        data-original-height=""480""
        data-original-width=""685""
        height=""448""
        src=""https://tse1.mm.bing.net/th?q=Kreativitas_di_Balik_Sajian_Ringan_Lebih_dari_Sekedar_Camilan""
        title=""Kreativitas di Balik Sajian Ringan: Lebih dari Sekedar Camilan""
        width=""640"">
</a>


<h3>Membangun Jaringan Sosial Lewat Kuliner: Rasa Persahabatan yang Tercipta</h3>
<p>Pernahkah kamu merasakan kehangatan berbagi makanan dengan orang lain?  Di rumah singgah, hal ini bisa terjadi setiap saat.  Bayangkan, saat kamu dan penghuni lain berbagi sebungkus biskuit atau sebotol jus, terjalinlah ikatan yang tak terduga.  Makanan ringan bisa menjadi jembatan untuk bercerita, bertukar pengalaman, dan menciptakan rasa kebersamaan yang kuat.  Makanan ringan pun jadi media yang efektif untuk saling mengenal dan membangun persahabatan.</p>

<h2>Makanan Ringan untuk Menambah Energi:  Lebih dari Sekedar Camilan</h2>

<p>Seperti yang telah kita bahas tadi, makanan ringan di rumah singgah memiliki peran penting, baik secara emosional maupun fisik. Sekarang, mari kita bahas lebih spesifik mengenai jenis makanan ringan yang tepat untuk memberikan energi tambahan bagi para penghuni.</p>


<h3>Sumber Energi Praktis: Buah-buahan Segar dan Camilan Sehat</h3>
<p>Jangan remehkan kekuatan buah-buahan segar!  Pisang, apel, atau jeruk, tak hanya mudah dimakan, tapi juga kaya akan nutrisi yang dibutuhkan tubuh. Selain buah, pilihlah camilan sehat yang kaya serat dan protein, seperti kacang-kacangan atau yoghurt.  Ini akan membantu penghuni rumah singgah untuk tetap berenergi sepanjang hari, tanpa merasa lesu.</p>


<h3>Camilan Anti Mainstream:  Eksplorasi Rasa yang Tak Terduga</h3>
<p>Bosan dengan camilan yang itu-itu saja?  Yuk, kita eksplorasi rasa!  Cobalah camilan tradisional dari berbagai daerah Indonesia.  Bayangkan, rasa unik dari kue lapis Surabaya, bika ambon Medan, atau lemper dari Jawa, akan menjadi pengalaman kuliner yang tak terlupakan.  Ini tidak hanya mengenyangkan, tapi juga memperkaya pengalaman dan pengetahuan budaya bagi penghuni rumah singgah.</p>

<h2>Memilih Camilan yang Tepat:  Sesuaikan dengan Kebutuhan</h2>

<p>Nah, setelah kita bahas manfaat dan ragam pilihannya, sekarang saatnya kita belajar memilih camilan yang sesuai dengan kebutuhan para penghuni rumah singgah.  Ini gak sembarang pilih, lho!</p>


<h3>Pertimbangan Kesehatan:  Hindari Makanan yang Berbahaya</h3>
<p>Kesehatan penghuni rumah singgah adalah prioritas utama.  Oleh karena itu,  kita perlu cermat memilih camilan yang sehat dan aman dikonsumsi.  Hindari makanan yang mengandung banyak gula, garam, dan lemak jenuh.  Pilihlah camilan yang rendah kalori, tetapi tinggi nutrisi, untuk menjaga kesehatan dan kebugaran penghuni.</p>

<h3>Akomodasi Kebutuhan Khusus:  Pentingnya Kepekaan</h3>
<p>Setiap individu memiliki kebutuhan yang berbeda, termasuk soal makanan.  Beberapa penghuni mungkin memiliki alergi, intoleransi makanan, atau pantangan tertentu.  Penting untuk memperhatikan hal ini dan menyediakan pilihan camilan yang sesuai dengan kebutuhan mereka.  Kepekaan kita akan membuat mereka merasa dihargai dan diperhatikan.</p>


<h3>Tips Menyimpan Camilan:  Kesegaran yang Terjaga</h3>

<p>Seperti yang sudah dibahas sebelumnya, memilih camilan yang tepat sangat penting.  Tapi, bagaimana caranya agar camilan tersebut tetap segar dan layak konsumsi?  Yuk, kita pelajari tips penyimpanan camilan yang efektif!</p>

<h3>Suhu Penyimpanan yang Tepat:  Awet dan Sehat</h3>
<p>Suhu penyimpanan sangat berpengaruh terhadap kesegaran dan keawetan camilan. Simpan camilan yang mudah basi di lemari pendingin, sedangkan camilan yang tahan lama dapat disimpan di tempat kering dan sejuk. Pastikan juga wadah penyimpanan kedap udara untuk mencegah masuknya udara lembap yang bisa membuat camilan mudah rusak.</p>

<a href=""https://tse1.mm.bing.net/th?q=Tips_Menyimpan_Camilan_Kesegaran_yang_Terjaga"" style=""margin-left: 1em; margin-right: 1em;"">
    <img alt=""Tips Menyimpan Camilan: Kesegaran yang Terjaga""
        border=""0""
        data-original-height=""480""
        data-original-width=""685""
        height=""448""
        src=""https://tse1.mm.bing.net/th?q=Tips_Menyimpan_Camilan_Kesegaran_yang_Terjaga""
        title=""Tips Menyimpan Camilan: Kesegaran yang Terjaga""
        width=""640"">
</a>

<h3>Rotasi Stok Camilan:  Agar Selalu Ada yang Baru</h3>
<p>Jangan sampai camilan yang sudah lama tersimpan menumpuk.  Lakukan rotasi stok camilan secara teratur.  Gunakan sistem FIFO (First In, First Out) untuk memastikan camilan yang lebih dulu masuk dimakan terlebih dahulu.  Dengan begitu, kita bisa menghindari pemborosan dan memastikan semua camilan tetap segar.</p>


<h3>Memberdayakan Penghuni:  Libatkan Mereka dalam Prosesnya</h3>
<p>Sobat Rumah Singgah, libatkan penghuni rumah singgah dalam proses pemilihan dan penyimpanan camilan.  Tanyakan preferensi mereka, minta mereka membantu dalam penyimpanan, bahkan ajak mereka untuk membuat camilan bersama.  Ini akan meningkatkan rasa memiliki dan tanggung jawab mereka terhadap makanan yang ada.</p>

<h2>Kesimpulan: Lebih dari Sekedar Camilan, Makanan Ringan adalah Jembatan</h2>

<p>Nah, sobat Rumah Singgah, kita sudah berpetualang cukup jauh membahas makanan ringan di rumah singgah. Ternyata, lebih dari sekadar pengganjal perut, camilan ini berperan besar dalam menciptakan suasana nyaman, membangun kebersamaan, dan menjaga kesehatan penghuni.  Yuk, mulai sekarang lebih memperhatikan pilihan camilan kita dan jadikan momen berbagi camilan sebagai momen berharga di rumah singgah!  Coba terapkan tips-tips yang sudah kita bahas dan bagikan pengalaman kamu di kolom komentar! Jangan lupa share artikel ini ke teman-teman kamu yang membutuhkan, ya!</p>


<h2>FAQ</h2>

<h3>1. Bagaimana cara mengatasi jika ada penghuni yang memiliki alergi makanan?</h3>
<p>Komunikasi adalah kunci!  Pastikan selalu ada daftar lengkap alergi dan pantangan makanan setiap penghuni.  Berikan label jelas pada setiap camilan dan sediakan area penyimpanan khusus untuk camilan bagi penghuni dengan alergi.</p>

<h3>2. Apakah ada cara kreatif untuk mengurangi pemborosan makanan ringan?</h3>
<p>Organisasikan penyimpanan dengan baik, gunakan wadah yang tepat, dan terapkan sistem FIFO (First In, First Out).  Libatkan penghuni dalam proses perencanaan dan pengadaan camilan untuk meminimalkan pemborosan.</p>

<h3>3. Bagaimana cara memastikan camilan tetap aman dan higienis?</h3>
<p>Cuci tangan sebelum dan sesudah memegang makanan.  Simpan camilan di wadah tertutup dan hindari menyimpan camilan yang sudah terbuka terlalu lama.  Periksa tanggal kedaluwarsa secara rutin.</p>

<h3>4. Bagaimana jika anggaran untuk makanan ringan terbatas?</h3>
<p>Buatlah daftar camilan dengan berbagai pilihan harga.  Prioritaskan camilan sehat dan bergizi meskipun harganya lebih terjangkau.  Libatkan penghuni dalam mencari alternatif camilan yang lebih ekonomis namun tetap berkualitas.</p>

<h3>5. Bagaimana cara menciptakan suasana yang menyenangkan saat berbagi camilan bersama?</h3>
<p>Sediakan area yang nyaman untuk bersantai dan berbagi camilan.  Pastikan ada musik yang menenangkan dan suasana yang ramah.  Ajak penghuni untuk bercerita dan berbagi pengalaman selama menikmati camilan.</p>

</div>

",https://tse1.mm.bing.net/th?q=makanan_ringan
Naruto dan Kyubi: Ikatan Takdir yang Lebih Dalam dari yang Kita Bayangkan,Anime_Manga_Naruto,"Jelajahi ikatan rumit antara Naruto dan Kyubi, lebih dari sekadar hubungan simbiosis.  Pelajari tentang pengorbanan, penerimaan, dan kekuatan yang tercipta dari kegelapan dalam kisah mengharukan ini.","
<div class=""artikel"" style=""text-align: justify;"">

<h1>Naruto dan Kyubi: Ikatan Takdir yang Lebih Dalam dari yang Kita Bayangkan</h1>

<h2>Pendahuluan: Lebih dari Sekedar Monster Berekor Sembilan</h2>

<p>Sobat Rumah Singgah pantengin, pernah nggak sih kalian mikir, seandainya Naruto nggak punya Kyubi?  Kisah hidupnya bakal jauh beda banget, kan?  Kita sering lihat Naruto sebagai bocah nakal yang berambisi jadi Hokage, tapi di balik itu semua tersimpan ikatan rumit antara manusia dan monster, persahabatan dan pengorbanan yang bikin kita merenung.  Seperti yang akan kita bahas, ikatan Naruto dan Kyubi lebih dari sekadar hubungan simbiosis, ini tentang penerimaan, pemahaman, dan kekuatan yang tercipta dari kegelapan.  Sekarang, mari kita telusuri lebih dalam misteri di balik ikatan takdir ini!</p>


<h2>Mitos dan Legenda Kyubi: Lebih dari Sekedar Siluman Rubah</h2>

<p>Sebelum kita bahas Naruto, kita perlu ngerti dulu siapa itu Kyubi. Bukan cuma siluman rubah berekor sembilan, lho!  Kyubi, atau Kurama, punya sejarah panjang dan misterius di dunia shinobi.  Dia adalah entitas kuat yang bahkan para Hokage pun harus waspada. Bayangin aja, kekuatannya bisa menghancurkan desa Konoha dalam sekejap! Banyak legenda dan mitos yang beredar tentang asal-usulnya, kemampuannya, dan bahkan ramalan yang terkait dengannya.  Beberapa legenda menggambarkan Kyubi sebagai penjaga keseimbangan alam, sementara yang lain melukiskannya sebagai simbol kehancuran.  Nah,  misteri inilah yang membuat karakter Kyubi begitu menarik dan kompleks. Kita bakal eksplor lebih dalam bagaimana legenda ini mempengaruhi persepsi masyarakat terhadap Kyubi dan dampaknya terhadap Naruto.</p>


<h3>Kisah Sedih di Balik Penyegelan Kyubi: Sebuah Tragedi yang Membentuk Nasib</h3>

<p><a href=""https://tse1.mm.bing.net/th?q=Kisah_Sedih_di_Balik_Penyegelan_Kyubi_Sebuah_Tragedi_yang_Membentuk_Nasib"" style=""margin-left: 1em; margin-right: 1em;"">
      <img alt=""Kisah Sedih di Balik Penyegelan Kyubi: Sebuah Tragedi yang Membentuk Nasib""
          border=""0""
          data-original-height=""480""
          data-original-width=""685""
          height=""448""
          src=""https://tse1.mm.bing.net/th?q=Kisah_Sedih_di_Balik_Penyegelan_Kyubi_Sebuah_Tragedi_yang_Membentuk_Nasib""
          title=""Kisah Sedih di Balik Penyegelan Kyubi: Sebuah Tragedi yang Membentuk Nasib""
          width=""640"">
  </a>
  Penyegelan Kyubi ke tubuh Naruto bukanlah sembarang kejadian.  Di baliknya tersimpan pengorbanan besar Hokage Keempat, Minato Namikaze, dan istrinya, Kushina Uzumaki.  Mereka rela mengorbankan diri demi menyelamatkan Konoha dari kehancuran.  Bayangin betapa beratnya keputusan itu!  Ini bukan sekadar penyegelan, tapi sebuah tindakan cinta dan pengorbanan yang luar biasa.  Kita akan mengungkap detail dramatis peristiwa malam itu, dan bagaimana peristiwa ini selamanya membentuk takdir Naruto dan Konoha.</p>


<h3>Dampak Penyegelan Kyubi Terhadap Kehidupan Naruto: Sebuah Jalan yang Berat dan Berliku</h3>

<p>Bayangkan hidup sebagai anak yang disegel monster paling berbahaya di dunia. Itulah realita Naruto.  Dia tumbuh dalam lingkungan yang keras, dijauhi dan dikucilkan oleh warga desa.  Sejak kecil, Naruto sudah berjuang melawan prasangka dan kesendirian.  Namun,  justru di sini kita melihat kekuatan mental Naruto yang luar biasa. Ia tidak menyerah pada keadaan, malah menjadikan semua itu sebagai motivasi untuk membuktikan dirinya.  Kisah ini mengajarkan kita tentang arti ketahanan mental, menerima kekurangan, dan mengubah stigma negatif menjadi kekuatan pendorong.</p>


<h2>Perjalanan Naruto Menuju Penguasaan Chakra Kyubi: Sebuah Proses Transformatif</h2>

<p>Perjalanan Naruto dalam menguasai chakra Kyubi tidaklah mudah. Ini seperti mendaki gunung yang tinggi dan terjal.  Ia harus berjuang keras melawan kekuatan destruktif Kyubi yang ada dalam dirinya.  Proses ini tidak hanya membutuhkan kekuatan fisik, tetapi juga mental dan spiritual yang kuat.  Dia harus berdamai dengan masa lalunya dan memahami  tujuan sebenarnya dari kekuatan yang dimilikinya.  Perjalanan Naruto ini mencerminkan perjalanan hidup kita sendiri, bagaimana kita berjuang melawan rasa takut dan keraguan untuk mencapai potensi terbaik kita.</p>


<h3>Peran Jiraiya: Guru dan Sosok Ayah yang Inspiratif</h3>

<p>Dalam perjalanan ini, peran Jiraiya sangat penting.  Dia menjadi guru dan juga sosok ayah bagi Naruto.  Jiraiya mengajari Naruto tidak hanya tentang teknik ninja, tetapi juga tentang arti persahabatan, kepercayaan diri, dan tanggung jawab.  Hubungan guru dan murid mereka tidak hanya sekedar hubungan profesional, tetapi juga ikatan yang kuat dan penuh kasih sayang.</p>


<h3>Perjuangan Internal Naruto: Mengendalikan dan Menguasai Kekuatan Kyubi</h3>

<p>Salah satu hal yang paling menarik dari cerita Naruto adalah perjuangan internalnya dalam mengendalikan Kyubi.  Ini seperti pertarungan antara dua kepribadian yang saling berlawanan: yang baik dan yang jahat.  Naruto harus belajar mengendalikan amarah dan kekuatan destruktif Kyubi sambil tetap menjaga jati dirinya.  Dia harus menyeimbangkan kekuatan luar biasa Kyubi dengan nilai-nilai kemanusiaan yang dipegangnya.  Ini adalah proses transformatif yang membuatnya menjadi shinobi yang kuat dan bijaksana.</p>


<h2>Persahabatan dan Cinta: Kekuatan yang Mengalahkan Segala Rintangan</h2>

<p>Sobat pembaca setia Rumah Singgah pantengin,  Naruto tidak sendirian dalam perjalanannya.  Ia memiliki teman-teman yang selalu mendukung dan membantunya, seperti Sakura dan Sasuke. Persahabatan mereka menjadi kekuatan yang tak ternilai harganya.  Mereka saling menjaga, saling mendukung, dan saling melengkapi.  Hubungan Naruto dengan Sakura dan Sasuke juga mencerminkan arti penting persahabatan dalam hidup.  Mereka melewati masa-masa sulit bersama dan selalu ada satu sama lain tanpa peduli seberapa besar rintangan yang dihadapi.</p>


<h3>Cinta dan Pengorbanan: Sebuah Ikatan yang Menguatkan</h3>

<p>Kisah cinta Naruto dengan Hinata juga merupakan elemen penting dalam cerita ini.  Hinata selalu percaya pada Naruto dan selalu ada di sampingnya, memberikan dukungan tanpa syarat.  Cinta dan pengorbanan Hinata menjadi kekuatan besar bagi Naruto untuk terus maju dan berjuang. Hubungan mereka menunjukkan betapa pentingnya menerima dan dicintai apa adanya, tanpa harus sempurna.</p>


<h2>Naruto dan Kyubi: Simbolisasi Kekuatan Tersembunyi dalam Diri Kita</h2>

<p>Seperti yang telah kita bahas,  hubungan Naruto dan Kyubi lebih dari sekadar hubungan antara manusia dan monster.  Ini adalah metafora yang kuat tentang kekuatan tersembunyi yang ada dalam diri setiap orang.  Kyubi melambangkan sisi gelap dan destruktif dalam diri kita, sedangkan Naruto melambangkan kekuatan ketahanan, penerimaan diri, dan kemampuan untuk mengubah potensi negatif menjadi kekuatan yang positif. Kisah ini menggarisbawahi pentingnya menerima seluruh bagian dari diri kita, bahkan yang kita anggap buruk.  Kita harus belajar dari kesalahan dan transformasikan pengalaman buruk menjadi pelajaran hidup yang berharga.</p>


<h3>Menerima Kekurangan dan Memahami Potensi Diri: Inti dari Pesan Naruto</h3>

<p>Pesan utama dari kisah Naruto dan Kyubi adalah pentingnya menerima kekurangan kita dan memahami potensi diri kita yang sebenarnya.  Kita semua memiliki bagian gelap dan terang dalam diri.  Tantangannya adalah bagaimana kita mengelola dan mengontrol bagian gelap tersebut agar tidak menguasai kita.  Naruto mengajarkan kita bahwa kekuatan sejati tidak hanya terletak pada kekuatan fisik, tetapi juga pada kekuatan mental dan spiritual untuk menerima dan mengatasi kekurangan kita.  Ini adalah perjalanan panjang dan berat, tetapi pada akhirnya akan menghasilkan kekuatan yang jauh lebih besar.</p>


<h2>Kesimpulan: Sebuah Perjalanan Menuju Penerimaan Diri dan Kekuatan Batin</h2>

<p>Jadi, Sobat Rumah Singgah,  kisah Naruto dan Kyubi lebih dari sekadar cerita petualangan.  Ini adalah kisah tentang penerimaan diri, kekuatan batin, dan arti penting persahabatan dan cinta.  Naruto membuktikan bahwa bahkan yang terbuang dan terabaikan pun bisa menjadi pahlawan.  Dia mengajarkan kita bahwa kekuatan sejati bukan berasal dari kekuatan fisik semata, tetapi dari kekuatan mental dan spiritual untuk mengatasi tantangan dan menerima diri kita sepenuhnya.  Coba deh renungkan kembali, bagian mana dari kisah Naruto yang paling berkesan buat kamu?  Bagikan pengalamanmu di kolom komentar, dan jangan lupa share artikel ini ke teman-teman yang butuh inspirasi!</p>


<h2>FAQ</h2>

<h3>1. Apakah Kyubi benar-benar jahat?</h3>
<p>Tidak, Kyubi bukanlah monster yang sepenuhnya jahat. Ia adalah makhluk yang sangat kuat dan memiliki sisi destruktif, tetapi juga memiliki potensi kebaikan yang terpendam.  Naruto berhasil membangkitkan sisi baik Kyubi dan menjalin ikatan persahabatan dengannya.</p>

<h3>2.  Mengapa Naruto dipilih sebagai jinchuriki Kyubi?</h3>
<p>Minato Namikaze memilih Naruto sebagai jinchuriki Kyubi karena ia percaya bahwa Naruto memiliki kekuatan mental yang cukup untuk mengendalikan Kyubi. Minato juga ingin memastikan bahwa Kyubi tidak akan jatuh ke tangan orang yang salah.</p>

<h3>3. Apa yang membuat ikatan Naruto dan Kyubi unik?</h3>
<p>Ikatan Naruto dan Kyubi unik karena Naruto berhasil menjalin persahabatan yang kuat dengan Kyubi, bukan hanya sekedar pengendalian.  Kebanyakan jinchuriki hanya mampu menundukkan bijuu-nya, tidak seperti Naruto yang mampu berteman dan berkolaborasi.</p>

<h3>4. Bagaimana peran chakra Kyubi dalam kekuatan Naruto?</h3>
<p>Chakra Kyubi memberikan Naruto kekuatan yang luar biasa, memungkinkan dia untuk menggunakan jutsu yang sangat kuat.  Namun, mengendalikan chakra Kyubi membutuhkan disiplin dan kontrol yang tinggi agar tidak dikuasai oleh kekuatan destruktifnya.</p>

<h3>5. Apa pesan terdalam yang ingin disampaikan kisah Naruto dan Kyubi?</h3>
<p>Pesan terdalamnya adalah tentang penerimaan diri.  Kita semua memiliki sisi gelap dan terang dalam diri.  Yang terpenting adalah belajar untuk menerima, memahami dan mengendalikan kedua sisi tersebut demi mencapai potensi terbaik kita.  Naruto membuktikan bahwa bahkan kekuatan yang paling destruktif pun bisa dikendalikan dan dimanfaatkan untuk kebaikan.</p>

</div>

",https://tse1.mm.bing.net/th?q=naruto_dan_kyubi
Rumah Singgah - Mengupas Misteri Biju dan Para Kage: Sebuah Perspektif yang Berbeda,Naruto_Anime_Review_Analisis,"Artikel ini menawarkan perspektif baru tentang Biju dan Para Kage dalam serial Naruto, membahas kompleksitas hubungan mereka, dilema moral, dan potensi terciptanya perdamaian abadi.  Lebih dari sekadar pertarungan, kita akan menyelami sisi manusiawi dan kontroversi yang tersembunyi.","
<div class=""artikel"" style=""text-align: justify;"">

<h1>Rumah Singgah - Mengupas Misteri Biju dan Para Kage: Sebuah Perspektif yang Berbeda</h1>

<p>Sobat Rumah Singgah pantengin, pernah nggak sih kalian terpikir, di balik kekuatan dahsyat Biju dan wibawa para Kage, ada cerita yang jauh lebih rumit dari sekadar pertarungan dan perebutan kekuasaan?  Kali ini, kita nggak cuma ngomongin kekuatan chakra yang luar biasa, tapi juga sisi manusiawi, kompleksitas hubungan, dan bahkan sedikit kontroversi yang mungkin belum pernah kalian dengar sebelumnya.  Siap-siap, karena kita akan menyelami dunia Naruto dari sudut pandang yang berbeda, jauh lebih dalam dan lebihâ€¦ menarik!</p>

<h2>Memahami Kekuatan Biju: Lebih dari Sekadar Monster Berekor</h2>

<h3>Mitos dan Realitas Biju: Makhluk Pembawa Bencana atau Sumber Energi Tak Terbatas?</h3>

<p>Kita sering melihat Biju sebagai monster raksasa yang haus kekuasaan, siap menghancurkan desa dan menyebarkan malapetaka. Tapi, coba bayangkan sejenak.  Apa jadinya jika kita melihat mereka dari perspektif berbeda?  Mungkin saja, Biju hanyalah korban dari ketidakpahaman manusia, makhluk yang kekuatannya luar biasa namun dipaksa untuk menjadi senjata, simbol kekuasaan, dan bahkan alat untuk pembenaran tindakan yang brutal.  Bayangkan, selama berabad-abad mereka dikurung, diperlakukan sebagai ancaman, tanpa pernah diberi kesempatan untuk menunjukkan potensi kebaikan yang mungkin tersimpan dalam diri mereka.   Ini seperti melihat seekor singa yang selalu dikurung dalam kandang sempit, lalu dihakimi sebagai binatang buas tanpa pernah melihat kehidupannya di alam bebas. Apakah singa itu memang jahat, ataukah hanya sekadar korban lingkungan?</p>

<a href=""https://tse1.mm.bing.net/th?q=Mitos_dan_Realitas_Biju_Makhluk_Pembawa_Bencana_atau_Sumber_Energi_Tak_Terbatas"" style=""margin-left: 1em; margin-right: 1em;"">
    <img alt=""Mitos dan Realitas Biju: Makhluk Pembawa Bencana atau Sumber Energi Tak Terbatas?""
        border=""0""
        data-original-height=""480""
        data-original-width=""685""
        height=""448""
        src=""https://tse1.mm.bing.net/th?q=Mitos_dan_Realitas_Biju_Makhluk_Pembawa_Bencana_atau_Sumber_Energi_Tak_Terbatas""
        title=""Mitos dan Realitas Biju: Makhluk Pembawa Bencana atau Sumber Energi Tak Terbatas?""
        width=""640"">
</a>


<h3>Kontroversi Penyerapan Chakra Biju: Antara Kemajuan dan Pengorbanan</h3>

<p>Seperti yang telah kita bahas tadi, Biju seringkali digambarkan sebagai sumber kekuatan yang luar biasa.  Namun, proses penyerapan chakra Biju seringkali menimbulkan pertanyaan etis.  Apakah wajar jika manusia memanfaatkan kekuatan luar biasa ini demi kepentingan pribadi atau kepentingan desa?  Ada sisi gelap yang perlu kita perhatikan.  Proses Jinchuriki seringkali meninggalkan trauma mendalam, baik bagi Biju maupun bagi manusia yang menjadi wadah mereka.  Bayangkan, sebuah entitas yang sangat kuat dipaksa untuk berbagi 'rumah' dengan jiwa lain,  yang mungkin saja memiliki tujuan dan keinginan yang berbeda. Apakah ini adil? Apakah ini etis?  Perlukah kita mempertanyakan sistem ini dan mencari alternatif yang lebih manusiawi?</p>


<h3>Biju Sebagai Simbol Kekuasaan:  Konsekuensi Politik yang Tak Terhindarkan</h3>

<p>Para Kage, pemimpin desa terkuat, seringkali menggunakan Biju sebagai simbol kekuatan dan dominasi.  Ini menciptakan dinamika politik yang kompleks dan penuh dengan intrik.  Perebutan kekuasaan, keseimbangan kekuatan, dan ancaman perang selalu mengintai di balik kekuatan luar biasa ini.  Mungkin ini ibarat sebuah permainan catur, di mana Biju menjadi bidak paling kuat, dan para Kage berjuang untuk menguasainya.  Namun, pertanyaan tetap ada: apakah pengejaran kekuasaan yang didasarkan pada kekuatan sedemikian besar ini benar-benar membawa kebaikan bagi semua pihak?</p>


<h3>Mengungkap Sifat Biju yang Tersembunyi:  Lebih dari Sekadar Kekuatan Brutal</h3>

<p>Sebenarnya, Biju memiliki kepribadian yang unik.  Beberapa di antaranya bahkan menunjukkan emosi dan kesadaran yang kompleks.  Kurama, misalnya, awalnya digambarkan sebagai monster yang kejam, namun seiring berjalannya cerita, kita melihat sisi lain darinya: kesetiaan, kebijaksanaan, dan bahkan kasih sayang.  Ini menunjukkan bahwa Biju bukanlah sekadar makhluk tak berperasaan, tetapi entitas yang kompleks dan penuh dengan nuansa.  Mungkin kita terlalu terpaku pada kekuatan mereka sehingga melupakan kemanusiaan yang mungkin tersimpan di dalam diri mereka.</p>


<h2>Para Kage: Pemimpin yang Diuji dan Dilema Moral</h2>

<h3>Beban Kepemimpinan Para Kage: Antara Perlindungan Desa dan Keputusan Sulit</h3>

<p>Para Kage memiliki tanggung jawab yang sangat berat: melindungi desa mereka dari ancaman, menjaga perdamaian, dan memimpin rakyatnya menuju kesejahteraan.  Namun, seringkali mereka dihadapkan pada dilema moral yang sulit.  Mereka harus membuat keputusan-keputusan yang berat, yang mungkin akan berdampak besar pada kehidupan orang banyak.  Bayangkan, jika mereka harus memilih antara menyelamatkan satu desa dengan mengorbankan desa lainnya.   Ini seperti mengorbankan sebagian untuk menyelamatkan keseluruhan.  Sebuah beban yang berat, bukan?</p>


<a href=""https://tse1.mm.bing.net/th?q=Beban_Kepemimpinan_Para_Kage_Antara_Perlindungan_Desa_dan_Keputusan_Sulit"" style=""margin-left: 1em; margin-right: 1em;"">
    <img alt=""Beban Kepemimpinan Para Kage: Antara Perlindungan Desa dan Keputusan Sulit""
        border=""0""
        data-original-height=""480""
        data-original-width=""685""
        height=""448""
        src=""https://tse1.mm.bing.net/th?q=Beban_Kepemimpinan_Para_Kage_Antara_Perlindungan_Desa_dan_Keputusan_Sulit""
        title=""Beban Kepemimpinan Para Kage: Antara Perlindungan Desa dan Keputusan Sulit""
        width=""640"">
</a>

<h3>Strategi dan Taktik Para Kage:  Seni Perang dan Diplomasi</h3>

<p>Para Kage tidak hanya mengandalkan kekuatan fisik, tetapi juga strategi dan taktik yang cermat.  Mereka harus mampu membaca situasi, merumuskan rencana, dan memimpin pasukannya dengan efektif.  Ini adalah seni perang yang kompleks, yang membutuhkan kecerdasan, keberanian, dan kemampuan untuk beradaptasi dengan cepat.  Mungkin kita bisa membandingkannya dengan permainan catur tingkat tinggi, di mana setiap langkah memiliki konsekuensi dan dampak yang besar.  Sebuah kesalahan kecil dapat berakibat fatal.</p>


<h3>Hubungan Antar Kage:  Persaingan, Kerja Sama, dan Keseimbangan Kekuasaan</h3>

<p>Hubungan antar Kage seringkali kompleks dan penuh dinamika.  Terkadang mereka bersaing memperebutkan kekuasaan dan pengaruh, namun di saat lain mereka harus bekerja sama untuk menghadapi ancaman bersama.  Ini menciptakan keseimbangan kekuatan yang rapuh, di mana satu kesalahan kecil dapat memicu konflik besar.  Bayangkan, bagaimana mereka harus menyeimbangkan persaingan dan kerja sama, untuk menjaga stabilitas dunia shinobi.  Sebuah tantangan yang luar biasa.</p>


<h3>Evolusi Para Kage:  Dari Pemimpin yang Keras Kepala hingga Pemimpin yang Bijaksana</h3>

<p>Seiring berjalannya waktu, banyak Kage yang mengalami perubahan dan evolusi dalam kepribadian dan cara berpikir mereka.  Mereka belajar dari kesalahan masa lalu, menjadi lebih bijaksana, dan lebih mampu memahami kompleksitas kehidupan.  Ini seperti perjalanan panjang menuju pencerahan, di mana mereka terus belajar dan berkembang sebagai seorang pemimpin.  Contohnya, Hokage ke-4, Minato Namikaze, yang awalnya berhati keras, akhirnya menjadi simbol harapan dan kedamaian.  Sebuah transformasi yang menginspirasi.</p>


<h2>Mencari Keseimbangan:  Biju, Kage, dan Masa Depan Dunia Shinobi</h2>

<h3>Harmoni Antara Biju dan Manusia:  Mungkinkah Tercipta Perdamaian Abadi?</h3>

<p>Pertanyaan besar yang muncul adalah: mungkinkah tercipta harmoni antara Biju dan manusia?  Apakah kita dapat menemukan cara untuk hidup berdampingan secara damai, tanpa perlu mengorbankan salah satu pihak?  Ini adalah tantangan besar yang membutuhkan pemahaman, empati, dan kerja sama dari semua pihak.  Mungkin kita perlu mengubah paradigma kita, dari melihat Biju sebagai ancaman menjadi melihat mereka sebagai makhluk yang memiliki potensi luar biasa untuk kebaikan.  Perlukah kita berpikir ulang tentang cara kita memperlakukan mereka?</p>

<a href=""https://tse1.mm.bing.net/th?q=Harmoni_Antara_Biju_dan_Manusia_Mungkinkah_Tercipta_Perdamaian_Abadi"" style=""margin-left: 1em; margin-right: 1em;"">
    <img alt=""Harmoni Antara Biju dan Manusia: Mungkinkah Tercipta Perdamaian Abadi?""
        border=""0""
        data-original-height=""480""
        data-original-width=""685""
        height=""448""
        src=""https://tse1.mm.bing.net/th?q=Harmoni_Antara_Biju_dan_Manusia_Mungkinkah_Tercipta_Perdamaian_Abadi""
        title=""Harmoni Antara Biju dan Manusia: Mungkinkah Tercipta Perdamaian Abadi?""
        width=""640"">
</a>

<h3>Masa Depan Kepemimpinan:  Membangun Dunia Shinobi yang Lebih Baik</h3>

<p>Para Kage masa depan perlu belajar dari kesalahan masa lalu dan membangun sistem kepemimpinan yang lebih adil dan berkelanjutan.  Mereka harus mampu mengelola kekuatan Biju dengan bijaksana, mempromosikan perdamaian, dan memastikan kesejahteraan seluruh rakyat.  Ini membutuhkan visi yang luas, kepemimpinan yang kuat, dan komitmen untuk perubahan yang lebih baik.  Apakah generasi selanjutnya akan mampu menciptakan dunia shinobi yang lebih damai dan adil?</p>


<h3>Peran Teknologi dan Inovasi dalam Mengelola Kekuatan Biju</h3>

<p>Mungkin teknologi dan inovasi dapat berperan dalam mengelola kekuatan Biju dengan lebih efektif dan aman.  Bayangkan, jika kita dapat menciptakan alat-alat atau teknik-teknik baru yang dapat mengendalikan kekuatan mereka tanpa harus membuat mereka menderita.  Ini adalah peluang yang menarik untuk dijelajahi.  Apakah teknologi dapat menjadi jembatan untuk menciptakan harmoni antara Biju dan manusia?</p>


<h3>Memahami Psikologi Biju dan Manusia:  Kunci untuk Mewujudkan Perdamaian</h3>

<p>Untuk mencapai perdamaian sejati, kita perlu memahami psikologi baik Biju maupun manusia.  Kita perlu memahami rasa sakit, kesedihan, dan keinginan mereka.  Hanya dengan empati dan pemahaman, kita dapat membangun hubungan yang lebih baik dan menciptakan dunia yang lebih damai.  Apakah kita telah cukup berusaha untuk memahami mereka, atau kita hanya melihat mereka sebagai sekadar sumber kekuatan?</p>


<h3>Menciptakan Pendidikan dan Kesadaran Global tentang Biju</h3>

<p>Pendidikan dan kesadaran global tentang Biju sangat penting untuk mencegah konflik dan menciptakan pemahaman yang lebih baik.  Kita perlu mengajarkan generasi muda tentang pentingnya menghormati Biju, memahami kekuatan mereka, dan mencari solusi damai.  Pendidikan yang benar dapat menjadi fondasi untuk perdamaian yang berkelanjutan.  Apakah kita telah melakukan cukup untuk mendidik masyarakat tentang Biju dan pentingnya hidup berdampingan?</p>


<h2>Kesimpulan: Sebuah Refleksi dan Ajakan untuk Berpikir</h2>

<p>Sobat Rumah Singgah pantengin,  perjalanan kita mengupas misteri Biju dan Para Kage telah sampai pada titik ini.  Kita telah melihat betapa kompleksnya hubungan antara makhluk yang sangat kuat ini dengan manusia yang mengendalikannya.  Kita melihat sisi gelap dari kekuatan, dilema moral para pemimpin, dan potensi untuk terciptanya perdamaian yang sebenarnya.  Sekarang,  tantangan ada di pundak kita semua: bagaimana kita dapat belajar dari cerita ini, dan menciptakan dunia yang lebih baik?  Berbagilah pengalaman dan pendapatmu di kolom komentar ya!  Jangan lupa, bagikan artikel ini ke teman-teman yang juga tertarik dengan dunia Naruto, terutama yang ingin melihat perspektif yang berbeda dari cerita yang sudah kita kenal baik. Dan yang terpenting, mari terus bereksplorasi dan menemukan makna lebih dalam dari apa yang kita lihat di permukaan.</p>


<h2>FAQ</h2>

<h3>1. Apakah mungkin Biju memiliki kecerdasan dan emosi seperti manusia?</h3>
<p>Berdasarkan penggambaran mereka di cerita, sangat mungkin Biju memiliki kecerdasan dan emosi yang kompleks. Kurama, misalnya, menunjukkan kesetiaan, kebijaksanaan, dan bahkan kasih sayang.  Ini menunjukkan adanya kesadaran diri dan kemampuan untuk merasakan emosi yang kompleks.</p>

<h3>2. Apa yang akan terjadi jika semua Biju dilepaskan tanpa kendali?</h3>
<p>Jika semua Biju dilepaskan tanpa kendali,  akan terjadi kekacauan yang luar biasa.  Kekuatan mereka yang sangat besar dapat menghancurkan dunia shinobi, bahkan planet ini sendiri.  Ini menunjukkan betapa pentingnya mengelola kekuatan mereka dengan bijaksana.</p>

<h3>3. Apakah sistem Jinchuriki benar-benar adil bagi Biju?</h3>
<p>Sistem Jinchuriki bisa dibilang tidak adil bagi Biju.  Mereka dipaksa untuk menjadi wadah kekuatan, seringkali mengalami penderitaan dan trauma.  Pertanyaan etis tentang sistem ini perlu dikaji ulang.</p>

<h3>4. Bisakah kita membayangkan sebuah sistem alternatif untuk mengendalikan kekuatan Biju tanpa perlu mengorbankan Jinchuriki?</h3>
<p>Tentu, mungkin ada sistem alternatif yang lebih manusiawi dan efektif untuk mengendalikan kekuatan Biju.  Pengembangan teknologi, peningkatan pemahaman tentang psikologi Biju, dan kerjasama global dapat menjadi kunci untuk menciptakan sistem tersebut.</p>

<h3>5. Apa peran teknologi dalam menciptakan harmoni antara Biju dan manusia?</h3>
<p>Teknologi dapat berperan signifikan dalam menciptakan harmoni.  Bayangkan alat-alat yang dapat mengendalikan kekuatan Biju tanpa perlu penyatuan jiwa atau bahkan mengurangi dampak negatif pada Jinchuriki.  Perkembangan ilmu pengetahuan dan teknologi dapat membuka jalan untuk solusi yang lebih damai.</p>

</div>

",https://tse1.mm.bing.net/th?q=biju_dan_para_kage
Rumah Singgah - Menjelajahi Dunia Kage dan Naruto: Sebuah Perspektif Baru,Anime_Naruto_Kepemimpinan,"Artikel ini membahas peran Kage dalam dunia Naruto, melampaui kekuatan tempur, dan mengeksplorasi kepemimpinan Naruto sebagai Hokage, termasuk pengorbanan, diplomasi, dan strategi politiknya.","
<div class=""artikel"" align=""justify"">

<h1>Rumah Singgah - Menjelajahi Dunia Kage dan Naruto: Sebuah Perspektif Baru</h1>

<p>Sobat Rumah Singgah pantengin! Pernahkah kamu terpikir, di balik hiruk pikuk pertarungan ninja epik dalam dunia Naruto, ada dimensi lain yang jauh lebih kompleks?  Kita sering terpaku pada pertarungan spektakuler, jurus-jurus andalan, dan persahabatan yang menggetarkan. Tapi, pernahkah kita benar-benar merenungkan beban tanggung jawab seorang Kage?  Nah, hari ini kita akan menyelami dunia Kage dan Naruto dari sudut pandang yang mungkin belum pernah kamu bayangkan sebelumnya.  Siapkan popcorn dan minuman favoritmu, perjalanan kita akan seru banget!</p>

<h2>Membongkar Mitos Kepemimpinan Kage: Lebih dari Sekadar Kekuatan</h2>

<p>Seperti yang telah kita bahas tadi, kita sering terfokus pada kekuatan luar biasa para Kage.  Naruto, sebagai Hokage Ketujuh, misalnya, memiliki kekuatan luar biasa. Tapi, apakah kekuatan semata cukup untuk memimpin sebuah desa?  Jawabannya, tentu saja tidak. Menjadi Kage itu jauh lebih rumit daripada sekadar mengeluarkan jutsu terhebat.  Ini tentang pengorbanan, pengambilan keputusan yang sulit, dan tanggung jawab yang tak pernah berhenti.  Bayangkan saja, mereka harus memikul beban seluruh desa di pundaknya, melindungi rakyatnya dari ancaman internal maupun eksternal.  Ini bukan hanya soal kekuatan fisik, melainkan juga kekuatan mental, strategi, dan kepemimpinan yang visioner.  Seorang Kage yang baik tak hanya kuat, tetapi juga bijaksana, adil, dan mampu menginspirasi.</p>

<h3>Tantangan Berat Seorang Kage: Di Antara Pedang dan Kesetiaan</h3>

<a href=""https://tse1.mm.bing.net/th?q=Tantangan_Berat_Seorang_Kage_Di_Antara_Pedang_dan_Kesetiaan"" style=""margin-left: 1em; margin-right: 1em;"">
    <img alt=""Tantangan Berat Seorang Kage: Di Antara Pedang dan Kesetiaan""
        border=""0""
        data-original-height=""480""
        data-original-width=""685""
        height=""448""
        src=""https://tse1.mm.bing.net/th?q=Tantangan_Berat_Seorang_Kage_Di_Antara_Pedang_dan_Kesetiaan""
        title=""Tantangan Berat Seorang Kage: Di Antara Pedang dan Kesetiaan""
        width=""640"">
</a>

<p>Bayangkan tekanan yang harus ditanggung seorang Kage.  Mereka harus membuat keputusan yang sulit, seringkali beresiko dan berdampak besar bagi seluruh desa.  Mereka harus menyeimbangkan kepentingan berbagai pihak, mengatasi konflik internal, dan menghadapi ancaman eksternal.  Perang, pengkhianatan, dan intrik politik menjadi bagian dari realitas kehidupannya.  Mereka mungkin harus mengorbankan nyawa para ninja untuk menyelamatkan desa, atau bahkan harus membuat keputusan yang tidak populer demi kebaikan semua orang.  Mereka adalah pemimpin yang selalu berada di garis depan, dan siap menghadapi segala risiko demi desa yang dipimpinnya. Dan, di balik topeng kewibawaan itu, tersimpan manusia biasa dengan kelemahan dan keraguannya sendiri.</p>

<h3>Kage Sebagai Simbol: Lebih dari Sekadar Pemimpin</h3>

<p>Kage bukan hanya pemimpin, mereka juga simbol.  Mereka menjadi representasi dari harapan, kekuatan, dan jati diri sebuah desa.  Mereka adalah sosok yang dihormati dan diandalkan oleh rakyatnya.  Oleh karena itu, mereka harus selalu menjaga citra dan wibawa mereka.  Segala tindakan mereka diperhatikan dan dinilai oleh seluruh penduduk desa.  Mereka tak hanya bertanggung jawab atas keamanan dan kesejahteraan rakyatnya, tetapi juga atas moral dan semangat juang desa tersebut.  Kepemimpinan Kage mempengaruhi kepercayaan diri, persatuan, dan perkembangan desa secara keseluruhan. Mereka adalah cerminan dari nilai-nilai dan budaya desa yang dipimpinnya.</p>


<h2>Naruto:  Warisan dan Beban Seorang Hokage</h2>

<p>Sekarang, mari kita fokus pada Naruto.  Perjalanan Naruto menjadi Hokage penuh dengan rintangan, pengorbanan, dan pembelajaran yang berharga.  Ia belajar memimpin bukan hanya dari kekuatannya, melainkan dari pengalaman pahitnya.  Ia belajar tentang pentingnya persatuan, arti persahabatan, dan pentingnya memahami perasaan orang lain.  Dari seorang anak yatim piatu yang dikucilkan, ia berubah menjadi pemimpin yang dicintai dan dihormati oleh seluruh penduduk Konoha.  Perjalanan ini mengajarkan kita bahwa kepemimpinan sejati tak hanya diukur dari kekuatan, melainkan juga dari hati dan kebijaksanaan.</p>

<h3>Naruto dan Relasi dengan Kage Lain: Jalinan Diplomasi dan Persahabatan</h3>

<p>Sebagai Hokage, Naruto juga harus berinteraksi dengan para Kage dari desa lain.  Hubungan antar desa tidak selalu harmonis, seringkali diwarnai persaingan dan perselisihan.  Naruto, dengan kebijaksanaannya, berhasil membangun hubungan yang lebih baik dengan para Kage lain. Ia membuktikan bahwa kerjasama dan saling pengertian jauh lebih penting daripada permusuhan.  Ia menunjukkan bahwa meskipun perbedaan ideologi dan latar belakang, para Kage bisa bersatu untuk tujuan yang lebih besar, yaitu perdamaian dunia shinobi.  Kesepakatan perdamaian dan kerja sama yang terjalin berkat diplomasi Naruto menjadi bukti nyata kemampuan kepemimpinannya yang luar biasa.</p>

<h3>Pengorbanan yang Tak Terlihat:  Di Balik Senyum Hokage</h3>

<p>Di balik senyum dan sifat cerianya, Naruto juga harus menghadapi pengorbanan yang tak terlihat.  Ia harus mengorbankan waktu bersama keluarga dan teman-temannya demi menjalankan tugasnya sebagai Hokage.  Ia harus menanggung beban berat tanggung jawab, tekanan, dan rasa khawatir yang tak pernah berhenti.  Ia mungkin harus membuat keputusan yang sulit, bahkan keputusan yang menyakitkan, demi kebaikan seluruh desa.  Kita sering hanya melihat sisi heroik Naruto, tetapi kita juga harus mengingat pengorbanan yang telah ia lakukan demi perdamaian dan kesejahteraan semua orang.  Kepemimpinannya yang inspiratif ini patut untuk dihargai dan dipelajari.</p>

<h2>Memahami Dinamika Kekuasaan:  Lebih dari Sekadar Jutsu</h2>

<p>Seperti yang telah kita bahas, menjadi Kage itu lebih dari sekadar memiliki kekuatan besar.  Ini tentang memahami dinamika kekuasaan, menjalin hubungan, dan membuat keputusan yang bijaksana.  Sering kali, para Kage harus bernegosiasi, berdiplomasi, bahkan bermanuver politik untuk mencapai tujuannya.  Mereka harus mampu membaca situasi, menganalisis kekuatan dan kelemahan lawan, dan mengambil keputusan tepat waktu.  Keahlian strategi dan politik mereka sama pentingnya dengan kemampuan bertarung.  Seorang Kage yang hebat bukan hanya seorang pejuang yang handal, tetapi juga seorang negarawan yang cerdas.</p>


<h3>Strategi dan Politik dalam Dunia Kage:  Permainan Catur Berbahaya</h3>

<a href=""https://tse1.mm.bing.net/th?q=Strategi_dan_Politik_dalam_Dunia_Kage_Permainan_Catur_Berbahaya"" style=""margin-left: 1em; margin-right: 1em;"">
    <img alt=""Strategi dan Politik dalam Dunia Kage: Permainan Catur Berbahaya""
        border=""0""
        data-original-height=""480""
        data-original-width=""685""
        height=""448""
        src=""https://tse1.mm.bing.net/th?q=Strategi_dan_Politik_dalam_Dunia_Kage_Permainan_Catur_Berbahaya""
        title=""Strategi dan Politik dalam Dunia Kage: Permainan Catur Berbahaya""
        width=""640"">
</a>

<p>Dunia Kage ibarat sebuah permainan catur yang sangat berbahaya.  Setiap langkah yang diambil memiliki konsekuensi yang besar.  Para Kage harus memikirkan secara matang setiap strategi yang akan mereka terapkan.  Mereka harus mampu mengantisipasi gerakan lawan dan mempersiapkan diri menghadapi segala kemungkinan.  Kegagalan dalam strategi bisa berakibat fatal bagi desa yang mereka pimpin.  Ini bukan hanya tentang kekuatan fisik, tetapi juga tentang kecerdasan, kejelian, dan kemampuan membaca situasi.  Kepemimpinan dalam dunia yang penuh intrik politik ini membutuhkan ketegasan dan strategi yang matang.</p>


<h3>Menjaga Keseimbangan Kekuasaan:  Seni Diplomasi dan Negosiasi</h3>

<p>Kage juga harus berperan menjaga keseimbangan kekuatan di antara desa-desa lain.  Mereka harus mampu bernegosiasi dan berdiplomasi untuk mencegah terjadinya konflik dan perang.  Mereka harus mampu menemukan solusi yang saling menguntungkan bagi semua pihak.  Keahlian dalam negosiasi dan diplomasi sama pentingnya dengan kemampuan bertarung.  Seorang Kage yang bijaksana akan mampu mencegah perang dan menjaga perdamaian melalui komunikasi dan kerjasama yang baik.  Keseimbangan kekuasaan yang terjaga akan memastikan stabilitas dan kemakmuran bagi seluruh dunia shinobi.</p>


<h2>Kesimpulan:  Lebih dari Kekuatan, Kage Adalah Inspirasi</h2>

<p>Sobat Rumah Singgah pantengin, perjalanan kita menjelajahi dunia Kage dan Naruto telah sampai di penghujungnya.  Kita telah melihat bahwa menjadi Kage jauh lebih kompleks daripada sekadar memiliki kekuatan besar.  Ini tentang tanggung jawab, pengorbanan, strategi, dan kepemimpinan yang visioner.  Naruto, sebagai Hokage, menjadi contoh inspiratif tentang bagaimana seorang pemimpin harus bertindak dengan bijaksana, adil, dan penuh empati.  Ia menunjukkan bahwa kekuatan sejati terletak pada hati, tekad, dan kemampuan untuk menginspirasi orang lain.  Semoga perjalanan kita hari ini menginspirasi kamu untuk selalu berpikir lebih luas dan mendalam dalam memandang segala hal, termasuk dunia fiksi sekalipun.</p>

<p>Yuk, bagikan artikel ini kepada teman-temanmu yang juga penggemar Naruto dan Kage!  Berikan komentarmu di bawah ini tentang apa yang paling menginspirasimu dari kisah Kage dan Naruto.  Jangan ragu untuk mencoba menerapkan nilai-nilai kepemimpinan yang telah kita bahas dalam kehidupan sehari-hari.  Siapa tahu, kamu juga bisa menjadi ""Kage"" di bidangmu masing-masing!</p>


<h2>FAQ</h2>

<h3>1.  Apakah ada Kage yang sebenarnya gagal dalam kepemimpinannya?</h3>
<p>Tentu ada.  Sejarah dunia shinobi dipenuhi dengan contoh Kage yang gagal.  Kegagalan bisa disebabkan oleh berbagai faktor, mulai dari kurangnya kemampuan strategis hingga sifat pribadi yang buruk.  Kepemimpinan yang otoriter, kurangnya empati, dan keputusan yang gegabah dapat berakibat fatal bagi sebuah desa.  Studi kasus kegagalan pemimpin dapat menjadi pelajaran berharga bagi para pemimpin masa depan.</p>

<h3>2.  Bagaimana peran wanita dalam sistem kepemimpinan Kage?</h3>
<p>Meskipun didominasi oleh laki-laki, beberapa wanita telah menunjukkan kemampuan kepemimpinan yang luar biasa, meskipun tak selalu sampai menjadi Kage.  Peran perempuan dalam dunia shinobi dan pengaruhnya terhadap kepemimpinan Kage merupakan topik yang menarik untuk dikaji lebih lanjut.  Mungkin penelitian lebih lanjut dapat mengungkapkan peran tersembunyi wanita dalam sistem tersebut.</p>

<h3>3.  Bisakah kita mengaplikasikan filosofi kepemimpinan Kage dalam dunia nyata?</h3>
<p>Tentu saja!  Nilai-nilai seperti keberanian, kesetiaan, pengorbanan, dan kebijaksanaan dapat diterapkan dalam berbagai konteks kehidupan.  Konsep kepemimpinan yang berfokus pada kesejahteraan rakyat, pengambilan keputusan yang bijak, dan kerjasama lintas sektor dapat diadaptasi untuk memecahkan masalah di dunia nyata.</p>

<h3>4.  Apakah ada Kage yang memiliki pendekatan kepemimpinan yang unik dan berbeda dari yang lain?</h3>
<p>Ya, setiap Kage memiliki karakteristik dan gaya kepemimpinan yang unik.  Beberapa Kage lebih otoriter, sementara yang lain lebih demokratis.  Studi perbandingan gaya kepemimpinan Kage dapat memberi wawasan berharga tentang kepemimpinan yang efektif dan bagaimana beradaptasi dengan berbagai situasi.</p>

<h3>5.  Bagaimana pengaruh teknologi (seperti jutsu) terhadap cara Kage memimpin?</h3>
<p>Teknologi, dalam hal ini jutsu, memiliki pengaruh besar pada cara Kage memimpin.  Kemajuan teknologi militer dapat mengubah strategi pertahanan dan peperangan, dan Kage harus mampu mengadaptasi strategi kepemimpinannya sesuai dengan perkembangan teknologi tersebut.  Ini menunjukkan pentingnya adaptasi dan inovasi dalam kepemimpinan.</p>

</div>

",https://tse1.mm.bing.net/th?q=kage_dan_naruto
Konflik Naruto dan Raikage: Lebih dari Sekadar Perbedaan Pendapat,Naruto_Anime_Shippuden_Kepemimpinan_Konflik,"Analisis mendalam konflik Naruto vs Raikage di Naruto Shippuden, mengupas perbedaan ideologi, gaya kepemimpinan, dan pelajaran berharga tentang keadilan, empati, serta persahabatan.","
<div class=""artikel"" align=""justify"">

<h1>Konflik Naruto dan Raikage: Lebih dari Sekadar Perbedaan Pendapat</h1>

<p>Sobat Rumah Singgah, pernah nggak sih kalian merasa terjebak di tengah konflik yang rumit, di mana  semua orang punya pendapatnya sendiri dan sulit untuk mencapai kesepahaman?  Nah,  konflik antara Naruto dan Raikage di Naruto Shippuden  memberikan gambaran yang menarik tentang hal itu.  Lebih dari sekadar perkelahian,  perselisihan mereka mengungkap  nilai-nilai,  ideologi, dan  tantangan kepemimpinan yang kompleks. Kita akan kupas tuntas konflik ini  dengan sudut pandang yang  segar dan sedikit nyeleneh,  siapkan popcornnya ya!</p>


<h2>Memahami Latar Belakang Konflik: Kisah Sasuke yang Membagi Dua</h2>

<p>Sebelum kita bahas adu argumen Naruto dan Raikage yang bikin jantung berdebar, kita perlu sedikit flashback.  Semua berawal dari Sasuke,  ninja  berbakat  tapi  berjalan di jalur yang  salah.  Sasuke,  yang  ingin  membunuh  Kakashi dan  menghancurkan  Konoha,  menjadi  batu  sandungan  besar.  Nah,  disinilah  perbedaan  pandangan  Naruto dan  Raikage  muncul.</p>

<h3>Persepsi Raikage Terhadap Sasuke: Musuh yang Harus Dimusnahkan</h3>

<a href=""https://tse1.mm.bing.net/th?q=Persepsi_Raikage_Terhadap_Sasuke_Musuh_yang_Harus_Dimusnahkan"" style=""margin-left: 1em; margin-right: 1em;"">
    <img alt=""Persepsi Raikage Terhadap Sasuke: Musuh yang Harus Dimusnahkan""
        border=""0""
        data-original-height=""480""
        data-original-width=""685""
        height=""448""
        src=""https://tse1.mm.bing.net/th?q=Persepsi_Raikage_Terhadap_Sasuke_Musuh_yang_Harus_Dimusnahkan""
        title=""Persepsi Raikage Terhadap Sasuke: Musuh yang Harus Dimusnahkan""
        width=""640"">
</a>

<p>Bagi Raikage, Sasuke adalah ancaman nyata bagi keamanan Kumogakure dan dunia ninja.  Tidak ada ruang untuk negosiasi,  hanya  pemusnahan.  Bayangkan  posisinya,  dia  adalah  Kage,  pemimpin  desa,  bertanggung  jawab  atas  keselamatan  warganya.  Tentu  saja  dia  akan  mengambil  tindakan  tegas  untuk  menghindari  bencana  yang  lebih  besar.  Sikap  Raikage  ini  bisa  dipahami,  walaupun  terkesan  keras  dan  kurang  empati.</p>


<h3>Persepsi Naruto Terhadap Sasuke: Sahabat yang Harus Diselamatkan</h3>

<p>Di sisi lain, Naruto melihat Sasuke bukan sebagai musuh, tetapi sebagai sahabat yang tersesat.  Persahabatan mereka yang terjalin sejak kecil  sangat kuat,  melebihi  segala  perbedaan  ideologi.  Naruto percaya,  masih  ada  seberkas  cahaya  di  dalam  diri  Sasuke,  dan  dia  bertekad  untuk  menyelamatkannya.  Bayangkan  seandainya  teman  terdekatmu  melakukan  kesalahan  besar,  apa  yang  akan  kamu  lakukan?  Naruto  memilih  jalan  yang  lebih  sulit,  tapi  berdasarkan  keyakinan  dan  persahabatannya.</p>


<h2>Perbedaan Ideologi: Keadilan vs. Persahabatan</h2>

<p>Seperti yang telah kita bahas, perbedaan pandangan Naruto dan Raikage berakar pada ideologi mereka.  Raikage menganut keadilan yang tegas dan tanpa kompromi.  Bagi beliau,  hukum  harus  ditegakkan,  tanpa  mempertimbangkan  faktor  emosional. Sementara Naruto,  walaupun  memahami  pentingnya  keadilan,  juga  mengutamakan  persahabatan  dan  kesempatan  kedua.  Ini  menciptakan  benturan  yang  sangat  signifikan.</p>


<h3>Konflik Nilai: Hukum vs. Empati</h3>

<p>Konflik ini bukan hanya tentang Sasuke, tetapi juga tentang bagaimana kita melihat keadilan.  Apakah keadilan selalu berarti hukuman?  Apakah  tidak ada  ruang  untuk  empati  dan  pemahaman?  Naruto  menunjukkan  bahwa  keadilan  juga  meliputi  kesempatan  untuk  perbaikan  dan  penebusan  diri.  Dia  berusaha  menjelaskan  ini  kepada  Raikage,  namun  sulit  untuk  merubah  pikiran  seseorang  yang  telah  bertahun-tahun  berpegang  teguh  pada  prinsipnya.</p>


<h3>Konflik Gaya Kepemimpinan: Otoriter vs. Demokratis</h3>

<p>Perbedaan  antara  Naruto dan  Raikage  juga  menunjukkan  perbedaan  gaya  kepemimpinan.  Raikage  adalah  pemimpin  yang  otoriter,  tegas  dan  langsung  ke  inti  masalah.  Sedangkan  Naruto  lebih  menekankan  komunikasi,  dialog,  dan  mencari  solusi  bersama.  Ini  adalah  perbedaan  mendasar  yang  menyebabkan  kesulitan  dalam  mencapai  kesepakatan.  Manakah  yang  lebih  baik?  Tergantung  konteksnya  tentu  saja.</p>


<h2>Puncak Konflik: Perdebatan Sengit di KTT Lima Kage</h2>

<p>Perbedaan  pandangan  antara  Naruto dan  Raikage  memuncak  dalam  perdebatan  sengit  di  KTT  Lima  Kage.  Suasana  tegangan  tinggi  membuat  pertemuan  ini  sangat  menarik.  Naruto,  dengan  penuh  semangat,  berusaha  mempertahankan  Sasuke.  Dia  mengajukan  ide  yang  mungkin  terkesan  naif,  tapi  berasal  dari  hati  yang  murni.  Di  sisi  lain,  Raikage,  dengan  sikap  yang  keras  dan  tidak  mau  kompromi,  menolak  keras  usulan  Naruto.  Klimaks  konflik  ini  sangat  menarik  untuk  diikuti.</p>

<h3>Detik-detik Menegangkan: Saat Naruto Hampir Bertempur dengan Raikage</h3>


<a href=""https://tse1.mm.bing.net/th?q=Detik_detik_Menegangkan_Saat_Naruto_Hampir_Bertempur_dengan_Raikage"" style=""margin-left: 1em; margin-right: 1em;"">
    <img alt=""Detik-detik Menegangkan: Saat Naruto Hampir Bertempur dengan Raikage""
        border=""0""
        data-original-height=""480""
        data-original-width=""685""
        height=""448""
        src=""https://tse1.mm.bing.net/th?q=Detik_detik_Menegangkan_Saat_Naruto_Hampir_Bertempur_dengan_Raikage""
        title=""Detik-detik Menegangkan: Saat Naruto Hampir Bertempur dengan Raikage""
        width=""640"">
</a>

<p>Suasana  menjadi  sangat  menegangkan  ketika  Naruto  hampir  bertempur  dengan  Raikage.  Ini  menunjukkan  betapa  kuat  perbedaan  pendapat  mereka.  Naruto  yang  biasa  ceria  dan  semangat,  menjadi  sangat  serius  dan  tegas  dalam  mempertahankan  keyakinannya.  Ia  tidak  hanya  memperjuangkan  Sasuke,  tapi  juga  menunjukkan  kekuatan  keyakinan  dan  tekatnya.   Momen  ini  sangat  dramatis  dan  menunjukkan  betapa  besar  tantangan  yang  dihadapi  Naruto.</p>


<h3>Peran Gaara dan Para Kage Lainnya dalam Meredakan Konflik</h3>

<p>Beruntung, konflik tidak berlanjut menjadi perkelahian besar. Gaara, Kazekage kelima,  berperan penting dalam meredakan ketegangan.  Kepemimpinannya yang bijaksana dan kemampuannya  memahami  kedua  belah  pihak  membantu  menemukan  solusi  yang  lebih  rasional.  Para  Kage  lainnya  juga  ikut  berkontribusi  dalam  mencari  jalan  keluar  dari  kebuntuan  ini.  Peristiwa  ini  menunjukkan  betapa  pentingnya  kerja  sama  dan  komunikasi  antar  pemimpin  dalam  mengatasi  konflik.</p>



<h2>Pelajaran Berharga dari Konflik Naruto dan Raikage</h2>

<p>Sobat Rumah Singgah, konflik antara Naruto dan Raikage ini menyimpan banyak pelajaran berharga.  Pertama,  kita  belajar  bahwa  perbedaan  pendapat  itu  wajar  dan  bahkan  dapat  menghasilkan  solusi  yang  lebih  baik  jika  dikelola  dengan  baik.  Kedua,  kita  melihat  pentingnya  mencari  keseimbangan  antara  keadilan  dan  empati.  Ketiga,  kita  menyaksikan  bagaimana  kepemimpinan  yang  bijaksana  dapat  meredakan  konflik  dan  membawa  perubahan  positif.  Dan  akhirnya,  kita  diingatkan  tentang  pentingnya  persahabatan  dan  kegigihan  dalam  mempertahankan  nilai-nilai  yang  dipercaya.</p>


<h3>Mencari Keseimbangan: Keadilan dan Empati</h3>

<p>Konflik ini  mengajarkan  kita  bahwa  keadilan  dan  empati  bukanlah  dua  hal  yang  saling  bertentangan.  Kita  bisa  menegakkan  keadilan  tanpa  menghilangkan  empati  kita.  Kita  bisa  menjatuhkan  hukuman  tanpa  merusak  kemanusiaan  seseorang.  Konflik  ini  merupakan  pengingat  bahwa  keadilan  yang  sejati  harus  merangkul  kedua  aspek  ini.</p>


<h3>Mengatasi Perbedaan Pendapat dengan Bijak</h3>

<p>Dari  konflik  Naruto  dan  Raikage,  kita  bisa  belajar  untuk  menghadapi  perbedaan  pendapat  dengan  bijak.  Bukannya  berdebat  dengan  keras  kepala,  kita  harus  berusaha  untuk  memahami  sudut  pandang  orang  lain,  mendengarkan  dengan  seksama,  dan  mencari  solusi  yang  menguntungkan  semua  pihak.  Komunikasi  yang  baik  adalah  kunci  untuk  mengatasi  perbedaan  pendapat.</p>


<h3>Membangun Kepemimpinan yang Inklusif</h3>

<p>Konflik ini juga menunjukkan bagaimana kepemimpinan yang inklusif sangat penting.  Pemimpin  yang  baik  bukanlah  pemimpin  yang  hanya  mementingkan  kekuasaannya  sendiri,  tetapi  pemimpin  yang  mampu  mendengarkan  suara  warganya,  mempertimbangkan  pendapat  orang  lain,  dan  membangun  konsensus.  Kepemimpinan  yang  inklusif  adalah  kunci  untuk  menciptakan  masyarakat  yang  damai  dan  harmonis.</p>

<h2>Kesimpulan:  Memahami Kompleksitas Konflik dan Arti Persahabatan</h2>

<p>Sobat Rumah Singgah,  Konflik Naruto dan Raikage lebih dari sekadar pertarungan fisik.  Ia adalah refleksi dari kompleksitas perbedaan pendapat,  tantangan kepemimpinan, dan  arti  persahabatan yang  dalam.  Dari konflik ini, kita belajar untuk menghargai  berbagai  sudut  pandang,  mencari  keseimbangan  antara  keadilan  dan  empati, dan  menciptakan  lingkungan  yang  inklusif  dan  berbagi.  Coba renungkan  bagaimana  kalian  bisa  menerapkan  pelajaran  ini  dalam  kehidupan  sehari-hari.   Jangan  lupa  bagikan  artikel  ini  kepada  teman-teman  kalian  yang  juga  terinspirasi  oleh  Naruto!  Dan  jangan  segan  untuk  menuliskan  pengalaman  kalian  di  kolom  komentar!</p>


<h3>FAQ: Pertanyaan yang Mungkin Belum Terpikirkan</h3>

<p><b>1.  Apa  yang  akan  terjadi  jika  Naruto  benar-benar  berkelahi  dengan  Raikage?</b>  Kemungkinan  besar  akan  terjadi  pertarungan  yang  sangat  heboh  dan  berdampak  besar  pada  dunia  ninja.  Naruto  mungkin  akan  kalah,  tapi  bisa  juga  menunjukkan  kekuatan  dan  tekadnya  yang  luar  biasa.  Namun,  hal  ini  akan  menciptakan  konflik  yang  lebih  besar. </p>
<p><b>2.  Apakah  Raikage  akhirnya  memahami  sudut  pandang  Naruto?</b>  Sulit  untuk  mengatakan  pasti.  Raikage  adalah  orang  yang  tegas  dan  keras  kepala.  Namun,  peristiwa  di  KTT  Lima  Kage  mungkin  telah  menanamkan  sedikit  pemahaman  dalam  hatinya. </p>
<p><b>3.  Bagaimana  jika  Sasuke  tidak  ingin  diselamatkan?</b>  Ini  adalah  skenario  yang  sulit,  tapi  mungkin.  Naruto  mungkin  akan  sangat  kecewa,  tapi  dia  mungkin  akan  tetap  mencoba  mencari  jalan  untuk  menolong  Sasuke,  bahkan  jika  Sasuke  sendiri  menolaknya. </p>
<p><b>4.  Apakah  ada  konflik  lain  yang  serupa  di  antara  Kage?</b>  Tentu  saja!  Konflik  antara  Kage  merupakan  hal  yang  biasa  terjadi  karena  masing-masing  Kage  memiliki  ideologi  dan  kepentingan  yang  berbeda. </p>
<p><b>5.  Bagaimana  kita  bisa  menerapkan  pelajaran  dari  konflik  ini  dalam  kehidupan  sehari-hari?</b>  Kita  bisa  menerapkan  pelajaran  ini  dengan  berusaha  untuk  selalu  mendengarkan  dan  memahami  sudut  pandang  orang  lain,  mencari  solusi  yang  menguntungkan  semua  pihak,  dan  selalu  berusaha  untuk  mencari  keseimbangan  antara  keadilan  dan  empati.</p>

</div>

",https://tse1.mm.bing.net/th?q=konflik_naruto_dan_raikage
